id,asset_id,reviewer_user_id,reviewer_name,rating_stars,rated_at,rating_note
1,1,1,Reviewer 001,2,2023-05-01 08:00:00,Rating note 001
2,2,2,Reviewer 002,3,2023-05-02 08:00:00,Rating note 002
3,3,3,Reviewer 003,4,2023-05-03 08:00:00,Rating note 003
4,4,4,Reviewer 004,5,2023-05-04 08:00:00,Rating note 004
5,5,5,Reviewer 005,1,2023-05-05 08:00:00,Rating note 005
6,6,6,Reviewer 006,2,2023-05-06 08:00:00,Rating note 006
7,7,7,Reviewer 007,3,2023-05-07 08:00:00,Rating note 007
8,8,8,Reviewer 008,4,2023-05-08 08:00:00,Rating note 008
9,9,9,Reviewer 009,5,2023-05-09 08:00:00,Rating note 009
10,10,10,Reviewer 010,1,2023-05-10 08:00:00,Rating note 010
11,11,11,Reviewer 011,2,2023-05-11 08:00:00,Rating note 011
12,12,12,Reviewer 012,3,2023-05-12 08:00:00,Rating note 012
13,13,13,Reviewer 013,4,2023-05-13 08:00:00,Rating note 013
14,14,14,Reviewer 014,5,2023-05-14 08:00:00,Rating note 014
15,15,15,Reviewer 015,1,2023-05-15 08:00:00,Rating note 015
16,16,16,Reviewer 016,2,2023-05-16 08:00:00,Rating note 016
17,17,17,Reviewer 017,3,2023-05-17 08:00:00,Rating note 017
18,18,18,Reviewer 018,4,2023-05-18 08:00:00,Rating note 018
19,19,19,Reviewer 019,5,2023-05-19 08:00:00,Rating note 019
20,20,20,Reviewer 020,1,2023-05-20 08:00:00,Rating note 020
21,21,21,Reviewer 021,2,2023-05-21 08:00:00,Rating note 021
22,22,22,Reviewer 022,3,2023-05-22 08:00:00,Rating note 022
23,23,23,Reviewer 023,4,2023-05-23 08:00:00,Rating note 023
24,24,24,Reviewer 024,5,2023-05-24 08:00:00,Rating note 024
25,25,25,Reviewer 025,1,2023-05-25 08:00:00,Rating note 025
26,26,26,Reviewer 026,2,2023-05-26 08:00:00,Rating note 026
27,27,27,Reviewer 027,3,2023-05-27 08:00:00,Rating note 027
28,28,28,Reviewer 028,4,2023-05-28 08:00:00,Rating note 028
29,29,29,Reviewer 029,5,2023-05-29 08:00:00,Rating note 029
30,30,30,Reviewer 030,1,2023-05-30 08:00:00,Rating note 030
31,31,31,Reviewer 031,2,2023-05-31 08:00:00,Rating note 031
32,32,32,Reviewer 032,3,2023-06-01 08:00:00,Rating note 032
33,33,33,Reviewer 033,4,2023-06-02 08:00:00,Rating note 033
34,34,34,Reviewer 034,5,2023-06-03 08:00:00,Rating note 034
35,35,35,Reviewer 035,1,2023-06-04 08:00:00,Rating note 035
36,36,36,Reviewer 036,2,2023-06-05 08:00:00,Rating note 036
37,37,37,Reviewer 037,3,2023-06-06 08:00:00,Rating note 037
38,38,38,Reviewer 038,4,2023-06-07 08:00:00,Rating note 038
39,39,39,Reviewer 039,5,2023-06-08 08:00:00,Rating note 039
40,40,40,Reviewer 040,1,2023-06-09 08:00:00,Rating note 040
41,41,41,Reviewer 041,2,2023-06-10 08:00:00,Rating note 041
42,42,42,Reviewer 042,3,2023-06-11 08:00:00,Rating note 042
43,43,43,Reviewer 043,4,2023-06-12 08:00:00,Rating note 043
44,44,44,Reviewer 044,5,2023-06-13 08:00:00,Rating note 044
45,45,45,Reviewer 045,1,2023-06-14 08:00:00,Rating note 045
46,46,46,Reviewer 046,2,2023-06-15 08:00:00,Rating note 046
47,47,47,Reviewer 047,3,2023-06-16 08:00:00,Rating note 047
48,48,48,Reviewer 048,4,2023-06-17 08:00:00,Rating note 048
49,49,49,Reviewer 049,5,2023-06-18 08:00:00,Rating note 049
50,50,50,Reviewer 050,1,2023-06-19 08:00:00,Rating note 050
